LA_Name,LA_Code,Covid_Deaths,Age_0_19,Age_20_39,Age_40_59,Age_60_79,Age_80_Plus,Asian,Black,Mixed_Ethnic,White,Other_Ethnic,Health_VGood,Health_Good,Health_Fair,Health_Bad,Health_VBad,Work_Home,Metro_Rail,Train,Bus_Coach,Taxi,Motorcycle,Driving_Car,Passenger_Car,Bicycle,On_Foot,Other_Travel
Adur,E07000223,1.35,218.56,208,275.98,227.72,69.74,21.61,8.21,25.21,934.15,10.8,453.52,349.73,141.11,43.38,12.26,310.67,0.5,28.14,31.02,2.34,7.84,477.92,36.18,29.9,64.98,10.49
Amber Valley,E07000032,2.42,204.99,222.11,280.39,237.5,55.01,9.57,3.02,12.27,972.74,2.38,444.28,354.44,144.98,44.47,11.82,253.03,0.45,3.34,24.23,2.54,5.21,585.2,40.39,9.02,69.47,7.13
Arun,E07000224,1.94,190.61,206.78,251.56,266.77,84.29,15.95,5.2,15.06,958.23,5.54,431.9,365.72,148.09,43.12,11.17,246.75,0.71,17.35,17.27,2.95,5.19,545.83,52.24,27.52,72.99,11.2
Ashfield,E07000170,2.99,226.36,244.76,271.17,208.12,49.59,15.58,12.47,16.3,951.28,4.35,424.03,347.39,157.66,55,15.91,196.13,9.33,4.42,29.5,7.17,4.7,604.31,51.42,14.39,69.65,8.97
Ashford,E07000105,2.61,239.47,238.17,270.41,201.45,50.5,57.76,25.79,21.67,880.59,14.18,484.64,344.86,124.68,35.77,10.06,300.56,1.3,24.76,18.5,2.39,3.47,509.15,40.11,18.64,71.26,9.84
Babergh,E07000200,2.21,202.06,192.39,271.05,262.82,71.67,9.48,5.45,14.63,966.71,3.73,463.19,358.83,133.76,34.92,9.25,306.59,0.75,8.08,6.56,1.7,4.29,548,32.75,11.62,71.12,8.57
Barking and Dagenham,E09000002,2.34,314.96,297.66,261.19,103.02,23.17,258.52,213.86,42.58,449.01,36.03,511.4,328.86,111,37.32,11.41,206.92,161.77,91.56,102.44,5.73,6.33,324.91,25.29,12.88,47.2,14.97
Barnet,E09000003,2.23,248.18,286.12,272.45,152.58,40.67,192.56,78.72,53.65,577.29,97.78,548.55,310.27,100.98,30.11,10.08,427.71,111.5,25.19,81.05,4.68,6.43,251.36,17.02,11.61,50.28,13.17
Barnsley,E08000016,2.93,222.57,249.76,269.25,211,47.41,9.39,7.01,9.38,968.76,5.45,433.45,336.06,155.38,58.27,16.83,200.03,0.33,8.1,42.38,6.26,3.87,593.7,62.34,6.61,67.83,8.56
Basildon,E07000066,2.96,250.01,261.45,262.74,179.97,45.82,42.62,47.52,26.33,874.95,8.56,484.69,342.19,122.74,38.54,11.84,305.85,7.94,55.8,20.74,9.01,4.33,468.82,42.89,11.87,61.77,10.97
Basingstoke and Deane,E07000084,1.55,229.1,259.68,282.28,184.82,44.13,59.23,19.5,25.48,884.89,10.9,501.18,349.79,112.21,29.27,7.58,392.45,0.6,14.39,22.23,3.79,3.69,432.37,35.54,14.38,72.56,8
Bassetlaw,E07000171,1.82,211.55,226.71,273.68,231.8,56.26,12.35,6.25,11.93,964.48,4.98,438.69,347.51,151.62,47.69,14.49,195.59,0.46,4.88,12.64,3.1,4.37,618.82,57.32,18.84,75.46,8.52
Bath and North East Somerset,E06000022,1.37,230,272.06,248.05,193.69,56.2,33.03,9.54,27.18,921.93,8.32,518,328.39,112.99,31.65,8.97,385.36,0.69,7,34.1,2.62,5.81,398.08,29.36,19.07,109.65,8.26
Bedford,E06000055,2.59,244.01,263.16,271.51,175.75,45.57,125.59,53.17,46.35,756.75,18.1,488.14,349.68,118.46,34.32,9.37,314.4,1.17,14.88,19.61,12.13,3.92,472.02,48.46,27.83,76.32,9.26
Bexley,E09000004,2.35,250.65,256.45,271.91,172.53,48.46,99.13,122.02,35.46,718.8,24.6,507.89,334.2,114.66,32.98,10.28,344.9,24.06,103.1,65.8,5.83,6.5,360.25,24.74,8.44,44.56,11.83
Birmingham,E08000025,2.37,284.55,298.11,239.92,140.31,37.11,310.4,109.84,48.22,486.16,45.39,475.58,332.77,131.71,45.2,14.73,257.81,2.21,20.84,97.47,15.08,2.53,458.76,48.73,12.98,71.16,12.44
Blaby,E07000129,2.02,227.29,239.5,266.9,211.1,55.21,82.56,15.49,26.86,862.31,12.78,490.39,344.87,122.77,32.33,9.65,301.79,0.45,2.6,19.4,3.81,3.59,563.33,38.25,17.13,42.39,7.25
Blackburn with Darwen,E06000008,2.69,283.11,264.63,255.74,161.4,35.12,356.59,9.09,16.78,603.55,14.02,477.9,323.19,132.53,50.58,15.8,194.91,0.5,8.21,24.67,33.35,3.08,555.6,67.33,7,94.68,10.65
Blackpool,E06000009,2.71,216.39,241.36,268.5,218.24,55.51,26.06,5.04,15.67,946.92,6.32,403.68,335.06,169.91,69.32,22.04,202.37,4.41,5.41,56.96,15.97,5.61,494.86,58.64,23.16,117.99,14.62
Bolsover,E07000033,2.77,211.64,246.57,274.12,219.08,48.58,8.99,5.22,9.27,973.43,3.01,417.88,342.68,161.19,60.34,17.86,180.68,0.45,3.54,22.71,5.12,5.07,639.08,56.72,6.56,71.23,8.84
Bolton,E08000001,2.3,263.64,251.34,258.86,183.66,42.5,201.36,37.97,22.45,719.49,18.73,480.05,327.02,131.45,47.2,14.29,235.72,1.44,12.9,38.09,20.59,3.39,540.53,54.45,8.43,73.55,10.92
Boston,E07000136,2.23,224.99,245.96,263.25,210.56,55.25,20.47,6.62,14.4,946.51,12.01,421.92,370.45,149.61,45.29,12.71,105.8,0.81,2.28,15.52,4.94,4.26,609.28,123.51,41.87,81.71,10.01
"Bournemouth, Christchurch and Poole",E06000058,2.17,209.12,257.76,258.67,209.68,64.76,33.86,10.58,27.72,913.32,14.51,475.37,341.14,131.1,40.55,11.83,296.45,0.71,5.54,44.68,3.09,8.02,478.86,37.08,32.17,82.73,10.67
Bracknell Forest,E06000036,1.26,241.8,267.17,283.82,168.81,38.4,71.26,24.02,30.84,860.86,13.01,528.29,341.19,98.49,25.26,6.79,399.3,1.03,14.7,11.04,3.64,4.33,454.76,32.53,13.74,56.55,8.39
Bradford,E08000032,2.13,283.27,263.41,248.75,164.12,40.45,321.49,20.09,27.46,611.27,19.69,461.44,345.28,133.83,45.58,13.87,250.51,0.59,18.81,46.93,26.75,2.38,495.97,57.12,6.9,82.44,11.61
Braintree,E07000067,2.59,225.37,233.66,276.27,213.18,51.52,16.53,12.17,19.41,946.6,5.25,472.56,356.45,126.58,34.98,9.41,287.51,1.8,22.26,11.1,2.94,3.86,545.82,36.68,10.38,68.71,8.94
Breckland,E07000143,2.09,203.83,220.15,260.78,247.63,67.61,9.47,5.8,14.5,964.54,5.72,425.58,370.5,149.36,43.18,11.4,219.44,0.35,3.26,11.15,2.61,4.77,596.78,47.78,18.1,84.93,10.83
Brent,E09000005,2.33,239.24,327.93,268.2,133.26,31.37,328.16,175.08,50.76,346.37,99.65,520.26,327.53,108.5,32.84,10.86,304.27,150.31,51.35,133.16,5.5,11.19,216.88,20,25.31,68.33,13.7
Brentwood,E07000068,2.91,223.82,240.49,275.52,197.36,62.82,50.79,22.67,30.73,885.08,10.72,539.77,316.85,105.66,28.74,8.97,442.84,14.22,65.19,9.76,4.7,3.45,374.36,22.88,4.7,47.89,9.99
Brighton and Hove,E06000043,1.46,204.78,320.61,284.76,151.32,38.53,47.7,19.7,47.74,853.73,31.14,501.9,331.57,115.91,38.82,11.81,427.13,1.13,25.41,71.41,3.87,6.68,250.51,22.15,37.92,142.54,11.25
Bristol,E06000023,1.2,228.38,367.35,232.2,136.99,35.08,66.18,59.03,44.69,810.94,19.15,508.1,327.31,114.95,38.17,11.47,385.83,0.48,6.92,61.28,4.19,6.48,330.86,30.73,52.27,112.07,8.89
Broadland,E07000144,2.35,199.33,201.84,273.48,250.95,74.41,13.9,5.19,13.98,963.16,3.77,450.74,364.38,138.96,36.52,9.39,302.51,0.48,2.62,19.5,2.63,6.29,557.42,31.33,22.72,43.39,11.11
Bromley,E09000006,2.04,237.15,243.09,287.94,179.83,51.99,82.75,76.21,53.76,764.56,22.73,533.99,324.18,103.84,29.38,8.62,465.77,19.4,93.84,49.77,3.66,5.96,279.44,17.59,11,43.36,10.2
Bromsgrove,E07000234,2.49,223.84,206.4,277,226.14,66.62,31.85,7.72,24.34,930.7,5.39,506.67,331.21,118.02,33.56,10.55,347.58,0.48,13.68,7.82,3.81,2.52,532.79,31.83,6.07,46.06,7.36
Broxbourne,E07000095,2.17,241.21,256.51,273.01,178.48,50.78,36.94,66.54,39.69,811.06,45.76,501.27,337.57,117.37,33.88,9.9,294.34,20.23,53.99,20.63,6.5,4.85,488.27,33.39,10.73,55.6,11.47
Broxtowe,E07000172,2.35,207.34,251.75,260.96,220.89,59.06,55.45,16.83,25.41,889.11,13.21,462.7,346.2,139.5,40.22,11.39,333.26,13.96,4.7,38.39,3.39,4.07,469.33,33.8,25.83,65.06,8.2
Buckinghamshire,E06000060,1.89,241.66,228.6,283.17,193.37,53.2,123.52,25.8,35.38,799.46,15.83,531.42,331.9,103.38,26.26,7.05,410.56,7.02,14.8,14.02,5.98,3.27,438.9,30.16,8.12,58.15,9.02
Burnley,E07000117,3.06,250.21,257.64,254.56,195.04,42.55,147.18,3.44,15.9,825.31,8.22,450.61,333.56,145.89,53.6,16.33,168.31,0.4,4.82,40.74,28.55,2.8,560,64.14,10.07,110.76,9.39
Bury,E08000002,2.68,246.23,247.18,265.49,194.48,46.62,106.23,19.04,26.43,829.07,19.24,482.1,329.73,132.58,43.42,12.17,300.39,24.45,2.83,32.37,13.07,2.67,496.66,40.4,10.49,66.76,9.94
Calderdale,E08000033,1.54,237.31,232.68,277.2,205.91,46.91,105.14,6.96,19.49,860.65,7.76,466.09,341.95,135.09,43.83,13.04,292.12,0.52,12.4,40.05,11.89,3.06,497.38,46.39,7.12,79.56,9.5
Cambridge,E07000008,0.83,214.33,416.25,218.75,117.71,32.96,148.45,24.44,50.87,745.28,30.94,550.5,321.31,95.81,25.5,6.87,454.89,1.2,11.42,35.63,5.99,5.29,191.02,21.67,167.66,97.15,8.1
Camden,E09000007,1.47,209.56,377.17,251.61,131.52,30.14,181.04,89.9,66.33,595.16,67.58,555.32,293.45,100.45,38.13,12.64,566.86,100.97,27.82,63.72,7.15,5.33,69.01,4.97,38.95,103.6,11.61
Cannock Chase,E07000192,2.64,219.23,253.37,272.24,206.44,48.73,12.02,4.7,14.15,966.29,2.89,433.34,355.94,146.66,49.29,14.77,194.96,0.14,8.62,12.09,5.44,4.5,639.52,56,8.83,62.1,7.8
Canterbury,E07000106,2.86,225.69,261.72,237.06,215.65,59.89,40.51,24.81,27.42,892.29,14.97,470.27,346.8,131.88,39.54,11.51,303.92,1.59,23.23,28.81,3.18,3.91,462.52,37.68,16.7,107.98,10.47
Castle Point,E07000069,4.07,210.06,216.3,257.94,247.93,67.77,17.3,13.16,16.14,948.59,4.76,456.82,350.92,137.56,42.5,12.2,284.62,2.98,44.84,19.7,4.02,4.94,527.82,37.45,10.29,52.23,11.1
Central Bedfordshire,E06000056,1.97,234.36,251.2,274.97,194.39,45.08,35.08,23.85,30.2,902.44,8.43,503.69,344.9,113.28,29.96,8.18,345.21,1.36,20.14,10.32,2.47,3.11,508.48,32.94,9.96,57.94,8.07
Charnwood,E07000130,1.76,232.02,274,248.47,196.4,49.11,124.22,15.44,25.33,823.29,11.73,490.6,345.8,121.46,32.89,9.26,302.34,0.67,4.81,23.29,2.76,3.62,520.01,37.3,22.88,73.99,8.34
Chelmsford,E07000070,2.28,228.05,249.22,273.02,196.16,53.55,53.14,26.2,26.02,885.29,9.34,515.7,338.18,110.14,28.04,7.94,384.16,2.85,32.39,22.64,2.27,3.8,426.01,28.64,19.19,69.34,8.72
Cheltenham,E07000078,1.82,217.36,273.86,260.33,189.48,58.97,41.42,9.94,24.82,913.54,10.31,506.9,336.03,116.77,31.09,9.23,367,0.42,4.21,29.02,1.99,3.97,388.1,33.47,40.1,123.74,7.98
Cherwell,E07000177,1.43,229.04,265.39,275,183.55,47.03,60.28,17.67,28.66,880.86,12.54,507.77,343.43,111.58,29.18,8.05,321.8,0.48,12.09,22.21,5.14,4.06,464.97,39.46,25.38,95.74,8.68
Cheshire East,E06000049,2.28,212.16,221.28,278.49,226.62,61.46,23.9,6.07,17.7,944.25,8.07,498.41,333.09,121.45,36.39,10.64,352.37,0.51,8.47,6.9,4.84,3.45,485.45,38.72,18.38,72.47,8.45
Cheshire West and Chester,E06000050,2.42,214.33,240.05,269.96,218.58,57.09,20.25,5.9,14.81,952.99,6.05,488.17,332.66,126.82,40.6,11.76,314.54,0.53,7.64,17.23,5.84,3.96,507.57,39.17,20.1,74.18,9.24
Chesterfield,E07000034,2,206.69,236.55,273.89,226.6,56.26,18.83,8.1,14.46,954.5,4.09,414.88,347.93,164.74,56.72,15.73,226.61,0.4,5.98,41.28,12.92,4.29,559.18,51.31,9.57,80.3,8.16
Chichester,E07000225,2.32,198.29,205.48,254.04,262.06,80.12,17.47,6.31,16.5,954.34,5.39,490.36,342.73,123.85,33.67,9.37,343.91,0.85,12.79,11.64,1.45,4.06,461.62,31.31,27.48,93.71,11.16
Chorley,E07000118,1.92,219.94,232.8,280.46,217.79,49,18.72,5.55,15.06,956.32,4.37,486.97,332.19,129.09,40.22,11.53,289.63,0.48,8.37,15.53,3.29,3.18,558.65,41.17,11.08,60.53,8.1
City of London,E09000001,1.28,88.81,455.24,262,160.72,33.22,168.41,27.04,54.78,694.06,56.18,575.41,317.72,80.07,21.68,5.48,673.08,65.15,17.72,24.71,3.96,2.45,23.19,2.45,35.66,141.61,10.14
Colchester,E07000071,1.82,236.1,274.32,259.53,182.91,47.14,51.41,34.56,29.07,870.2,14.76,491.8,347.47,118.91,32.59,9.23,306.09,1.31,22.48,29.41,4.75,4.96,474.03,36.18,24.72,86.98,9.1
Cornwall,E06000052,0.88,203.86,209.57,262.86,259,64.71,7.07,1.86,12.33,968.14,10.62,457.4,335.23,145.51,47.29,14.57,247.13,0.31,5.01,13.41,2.7,7.57,561.07,40.82,11.75,98.42,11.8
Cotswold,E07000079,1.46,197.95,191.74,278.33,260.22,71.77,13.16,4.43,15.34,963.43,3.63,504.02,341.74,116.25,29.7,8.29,390.84,0.9,3.57,4.92,0.92,3.38,455.97,31.24,12,87.07,9.17
County Durham,E06000047,2.58,218.06,236.67,264.72,227.2,53.35,15.01,3.33,9.48,968.2,3.97,429.62,339,156.35,57.78,17.25,238.57,0.44,3.28,33.65,6.36,2.63,573.88,53.11,7.23,70.71,10.13
Coventry,E08000026,1.72,260.4,306.06,240.59,151.57,41.38,185.09,88.97,33.97,655.17,36.79,485.49,336.35,124.61,40.91,12.65,257.58,1,9.7,72.91,15.06,3.16,467.78,65.56,18.76,76.6,11.87
Crawley,E07000226,1.69,253.56,294.99,267.38,148.17,35.89,153.9,44.99,40.83,733.72,26.57,490.77,349.82,116.08,33.55,9.8,269.99,1.61,29.81,80.69,6.14,4.55,471.67,43.23,18.16,61.84,12.29
Croydon,E09000008,2.34,250.65,286.43,275.05,151.24,36.63,175.29,226.36,76.13,483.69,38.56,512.01,334.54,110.89,32.59,9.98,374.72,43.01,90.96,105.08,4.67,7.68,276.55,18.51,12.79,52.89,13.14
Cumbria,E06000063,2.74,204.81,223.1,268.24,243.48,60.38,9.94,2.22,7.5,976.7,3.64,450.52,340.96,147.19,47.72,13.6,224.82,0.39,5.53,28.52,3.22,3.73,560.56,47.42,15.41,100.92,9.46
Dacorum,E07000096,2.01,241.92,246.19,279.49,183.08,49.32,57.7,28.44,33.96,867.95,11.96,519.75,330.61,110.72,30.85,8.07,391.54,3.61,21.25,13.5,5.05,3.91,444.01,31.91,7.83,68.38,9
Darlington,E06000005,2.26,224.83,235.02,270.73,214.2,55.22,27.51,6.5,13.65,943.64,8.65,452.21,346.23,142.7,46.53,12.32,242.66,0.36,8.17,28.5,14.61,2.48,517.02,55.62,19.59,101.07,9.92
Dartford,E07000107,2.44,263.88,283.01,268.08,146.79,38.24,98.61,105.2,31.16,744.61,20.43,523.57,331.3,107.54,29.04,8.56,309.69,8.08,77.74,33.37,6.7,7.29,450.36,32.37,9.04,55.45,9.91
Derby,E06000015,2.71,250.41,281.2,253.67,167.94,46.78,156.49,40.11,36.59,737.94,28.88,458.4,346.46,137.19,44.16,13.79,234.59,0.72,4.62,51.48,17.77,4.71,498.29,57.7,25.44,95.34,9.34
Derbyshire Dales,E07000035,2.33,184.89,169.29,287.07,285.01,73.74,7.24,2.36,10.11,977.65,2.59,475.34,344.96,133.98,35.42,10.32,342.36,0.48,3.37,9.51,1.59,2.8,510.77,31.3,9.09,79.9,8.82
Doncaster,E08000017,2.59,226.61,254.36,261.24,207.55,50.25,29.49,12.15,14.94,931.36,12.07,443.16,341.09,147.15,52.55,16.05,185,0.44,8.49,45.61,11.34,3.14,579.02,67.41,17.95,71.06,10.53
Dorset,E06000059,1.42,191.43,181.02,255.89,287.49,84.17,11.34,2.85,11.69,970.59,3.54,448.83,357.94,142.29,39.95,10.99,282.5,0.61,4.36,11.25,2.22,6.01,539.24,33.71,17.72,91.96,10.4
Dover,E07000108,2.91,214,218.75,257.83,247.82,61.6,20.63,7.19,15.07,948.54,8.58,442.02,349.72,146.35,48.2,13.72,241.35,1.02,20.08,21.6,5.18,5.18,546.48,46.03,13.24,87.61,12.22
Dudley,E08000027,2.24,231.94,244.31,261.93,204.86,56.96,83.61,25.26,28.41,848.86,13.86,438.49,354.28,146.53,47.29,13.41,217.32,0.87,13.06,42.35,10.19,3.89,589.64,49.12,8.73,56.19,8.63
Ealing,E09000009,2.02,243,308,279.82,137.81,31.37,303.01,107.57,52.19,431.64,105.58,524.52,327.93,105.87,31.65,10.03,360.73,116.09,33.07,107.64,4.35,8.75,245.34,17.61,28.72,64.2,13.51
East Cambridgeshire,E07000009,1.11,225.19,223.9,282.47,211.98,56.46,19.23,8.03,21.46,944.74,6.55,483.39,351.29,123.96,32.58,8.79,349.17,0.35,20,7.16,2.35,3.87,508.67,32.95,18.16,49.46,7.83
East Devon,E07000040,1.2,192.48,186.24,251.29,279.74,90.25,9.67,2.31,11.4,973.63,2.98,463.94,350.61,136.91,38.44,10.11,296.08,0.39,8.1,17.37,1.69,6.61,522.11,32.2,17.64,87.76,10.06
East Hampshire,E07000085,1.56,216.47,201.4,281.65,235.6,64.88,18.85,5.23,16.53,954.3,5.11,507.62,343.08,113.51,28.62,7.2,374.87,0.68,11.45,6.75,1.61,3.81,492.31,31.88,7.89,60.1,8.65
East Hertfordshire,E07000242,1.53,234.75,233.68,289.6,191.6,50.37,26.76,12.99,28.27,922.92,9.04,539.8,325.34,101.72,26.08,7.03,408.73,4.21,39.64,13.23,3.03,2.76,421.19,23.79,7.84,66.49,9.1
East Lindsey,E07000137,2.24,181.31,180.23,253.12,309.62,75.72,7.97,2.05,10.43,977.54,2,379.03,356.95,182.36,63.03,18.63,197.8,0.36,1.5,11.07,2.92,4.23,595.46,41.69,21.46,111.99,11.53
East Riding of Yorkshire,E07000193,6.03,232.35,253.35,267.23,198.66,48.42,93.15,11.1,21.96,863.18,10.64,465.39,354.7,131.58,37.39,10.94,223.12,0.44,3.76,12.61,16.18,4.82,555.4,57.05,22.69,94.66,9.27
East Staffordshire,E07000244,1.58,198.96,193.02,258.71,271.8,77.51,14.01,5.51,15.07,961.67,3.75,433.25,359.68,149.77,45.31,11.99,261.12,0.66,4.81,11.63,3.12,5.95,552.48,34.35,34.44,77.78,13.67
East Suffolk,E07000244,2.04,198.96,193.02,258.71,271.8,77.51,14.01,5.51,15.07,961.67,3.75,433.25,359.68,149.77,45.31,11.99,261.12,0.66,4.81,11.63,3.12,5.95,552.48,34.35,34.44,77.78,13.67
Eastbourne,E07000061,3.11,210.14,225.31,256.97,231.61,75.97,34.85,12.86,27.56,908.12,16.56,432.28,352.5,152.46,48.64,14.16,231,1.21,27.26,34.36,9.54,5.22,490.13,45.38,23.89,120.58,11.43
Eastleigh,E07000086,1.3,230.48,245.71,269.21,199.9,54.71,38.52,9.53,20.65,924.09,7.24,498.25,347.41,116.51,29.96,7.9,343.7,0.59,12.27,11.92,2.72,6.05,508.44,33.82,16.51,55.08,8.88
Elmbridge,E07000207,1.92,256.44,200.44,309.09,179.65,54.38,65.24,12.47,40.99,861.24,20.07,589.11,295.28,86.97,21.89,6.76,537.22,4.32,41.19,10.23,2.06,5.84,305.29,17.3,21.36,45.73,9.46
Enfield,E09000010,2.25,271.09,264.86,275.95,148.98,39.13,115.08,183.38,59.27,520.89,121.39,506.45,330.07,114.62,36.82,12.05,312.63,87.28,49.61,106.27,5.69,5.48,324.76,21.87,14.18,57.09,15.13
Epping Forest,E07000072,2.84,226.26,239.09,280.04,200.03,54.59,71.7,29.13,36.27,840.64,22.26,518.03,328.66,112.34,31.22,9.76,382.58,72.11,23.37,12.96,7.1,4.51,410.6,26.19,6.13,42.64,11.82
Epsom and Ewell,E07000208,2.71,245.98,226.75,292.2,183.56,51.51,114.07,19.39,43.86,794.58,28.08,542.7,326.51,100.2,23.97,6.62,449.25,8.7,53.72,21.28,4.24,8.82,341.66,23.2,16.51,63.57,9.07
Erewash,E07000036,2.56,211.43,241.4,276.87,215.7,54.6,15.84,7.71,18.14,954.5,3.83,443.32,353.56,146.6,44.46,12.06,247.55,1.98,4.38,39.25,3.93,5.73,550.96,43.48,22.11,71.87,8.77
Exeter,E07000041,0.87,229.28,327.44,228.43,166.28,48.57,48.77,8.7,25.31,903.03,14.18,508.75,329.39,115.92,35.69,10.25,306.28,0.59,8.84,47.54,3.48,7.9,371.7,36.45,47.25,160.85,9.1
Fareham,E07000087,2.31,203.53,210.54,271.38,242.36,72.19,18.46,5.85,15.08,956.23,4.38,481.92,353.84,123.92,32.29,8.04,345.23,0.58,10.77,9,3.21,5.98,510.18,31.35,21.57,51.02,11.11
Fenland,E07000010,2.02,210.42,234.28,262.43,232.35,60.53,12.02,7.94,13.78,959.21,7.06,402.74,374.85,158.66,49.42,14.36,200.87,0.56,6.24,11.2,2.74,4.63,597.88,57.49,30.93,77.56,9.92
Forest of Dean,E07000080,1.29,208.58,204.3,264.68,258.78,63.66,7.18,2.78,10.63,975.46,3.94,448.14,355.25,142,42.09,12.52,280.83,0.25,2.38,12.23,0.85,5.02,584.61,41.01,7.15,57.14,8.53
Fylde,E07000119,3.12,184.48,193.55,265.99,277.32,78.66,14.42,4.07,14.23,962.63,4.68,459.94,336.98,145.2,44.74,13.15,318.09,0.87,4.93,22.21,4.45,3.24,512.71,36.73,14.98,69.94,11.85
Gateshead,E08000037,2.27,216.31,251.12,265.8,210.4,56.37,25.11,11.29,12.2,935.45,15.95,437.47,335.34,153.54,56.69,16.96,267.68,17.46,4.47,82.28,8.85,2.66,467.98,48.55,12.48,76.29,11.31
Gedling,E07000173,2.47,215.43,232.13,274.03,220.18,58.23,38.65,22.81,35.22,894.73,8.6,460.3,348.37,138.01,41.28,12.06,306.48,1.19,3.08,63.58,4.27,3.77,503.55,34.51,13.3,57.47,8.81
Gloucester,E07000081,1.84,238.57,274.43,262.69,179.08,45.24,64.52,36.45,37.87,849.3,11.86,467.33,352.95,130.34,39.06,10.32,242.43,0.36,3.28,42.46,2.95,6.37,523.32,48.17,33.13,90.05,7.48
Gosport,E07000088,1.9,220.32,237.11,262.66,222.65,57.28,14.26,12.01,14.76,953.4,5.49,433.21,363.97,148.06,43.77,10.96,230.36,0.6,5.41,29.31,5.8,12.63,519.97,40.92,63.22,74.74,17.05
Gravesham,E07000109,2.76,252.97,255.81,265.25,178.09,47.88,112.25,65.03,26.45,766.07,30.22,486.56,340.65,124.33,38.24,10.22,261.99,4.08,53.36,33.46,4.5,6.91,498.36,52.07,8.14,65.59,11.53
Great Yarmouth,E07000145,2.08,211.56,223.7,258.3,244.8,61.64,19.41,11.07,15.79,945.99,7.76,401.87,359.25,166.41,56.24,16.23,165.61,0.48,3.02,43.92,5.08,6.25,555.74,60.47,31.02,104.86,23.55
Greenwich,E09000011,1.66,248.76,334.61,268.72,122.66,25.25,131.55,209.64,59.84,556.98,41.97,527.26,319.71,107.06,35.06,10.9,405.5,95.37,86.58,107.17,4.44,6.17,200.25,15.11,18.81,48.98,11.61
Guildford,E07000209,1.53,233.41,271.7,265.58,178.43,50.88,67.04,14.97,30.53,868.69,18.75,547.66,325.03,95.49,24.58,7.25,441.63,1.32,23.17,18.11,2.39,5.14,369.68,26.46,17.01,84.36,10.72
Hackney,E09000012,1.84,234.76,407.81,239.32,100.31,17.8,103.74,210.87,67.48,531.4,86.52,566.61,284.11,99.21,36.53,13.53,497.68,76.24,37.16,104.2,7.16,5,86.71,6.34,74.54,94.54,10.43
Halton,E06000006,2.13,233.98,246.91,268.92,208.87,41.31,11.18,3.98,13.94,964.95,5.95,459.73,322.66,140.79,58.31,18.52,247.81,0.44,8.01,32.64,8.38,3.95,541.33,55.04,20.14,73.18,9.1
Hammersmith and Fulham,E09000013,1.53,191.7,407.02,257.47,117.99,25.82,105.41,122.59,67.25,631.58,73.16,590.03,279.75,89,30.59,10.62,523.17,118.03,24.22,76.5,6.07,10.13,79.33,5.24,50.1,96.22,10.99
Harborough,E07000131,1.55,219.17,209.91,285.62,226.86,58.44,54.27,7.16,20.52,910.12,7.91,515.05,335.13,112.84,29.19,7.81,358.29,0.43,5.51,8.31,1.52,2.09,514.81,28.13,10.97,62.68,7.26
Haringey,E09000014,1.79,226.39,340.1,283.62,123.94,25.95,87.34,175.85,70.22,569.86,96.71,530.52,317.17,103.72,36.19,12.39,414.99,160.95,39.24,114.16,4.66,8.24,137.19,10.84,38.89,58.94,11.9
Harlow,E07000073,2.01,259.44,284.18,257.2,159.07,40.11,59.52,62.44,32.66,827.34,18.07,477.45,344.01,127.65,39.21,11.69,209.45,16.37,21.29,24.1,11.91,5.7,531.24,54.55,21.42,92.32,11.64
Harrow,E09000015,2.47,242.55,287.86,262.74,163.17,43.67,452.34,73.32,37.65,364.59,72.11,515.13,339.18,106.84,29.54,9.32,361.29,124.8,37.76,69.36,4.13,4.72,303.25,25.78,7.32,49.15,12.43
Hart,E07000089,1.51,236.86,217.86,290.32,199.11,55.85,36.16,8.48,22.44,925,7.88,548.8,328.99,94,21.9,6.32,447.6,0.92,13.18,4.5,1.35,3.71,434.96,23.67,11.68,50.26,8.19
Hartlepool,E06000001,2.71,234.62,237.74,261.99,214.97,50.68,17.33,4.82,7.27,964.6,6,431.21,333.01,156.11,60.92,18.76,174.04,0.88,7.13,32.88,16.93,1.94,594.65,60.29,14.86,82.94,13.48
Hastings,E07000062,2.64,219.22,236.49,277.63,216.19,50.47,27.87,13.87,29,914.23,15.02,421.94,350.17,155.19,55.22,17.45,267.55,1.08,26.11,28.61,15.91,7.19,464.35,53.4,13.11,109.91,12.79
Havant,E07000090,2.38,211.4,219.93,255.62,242.61,70.45,16.96,6.04,13.84,959.08,4.08,443.02,355.73,145.1,43.77,12.36,255.7,0.32,11.07,27.59,7.24,7.21,552.87,50.15,20.95,57.03,9.88
Havering,E09000016,3.22,243.02,265.3,259.42,181.15,51.1,107.42,82.3,37.19,752.96,20.13,499,339.68,116.93,34.12,10.27,333.82,67.02,69.89,55.69,5.92,4.88,367.76,26.9,6.8,48.89,12.42
Herefordshire,E06000019,1.57,198.31,206.46,263.23,261.2,70.8,11.86,3.03,10.59,969.07,5.45,457.25,351.03,139.23,40.85,11.64,255.54,0.35,3.06,6.27,2.8,4.57,541.59,41.13,29.03,106.1,9.56
Hertsmere,E07000098,2.95,244.41,241.14,281.36,180.91,52.19,104.98,48.05,37.45,771.1,38.42,534.67,318.92,107.6,29.72,9.1,398.95,24.83,37.88,28.6,5.1,4.43,401.1,24.9,6.77,56.36,11.08
High Peak,E07000037,2.62,206.07,216.11,286.46,239.12,52.24,7.63,2.45,13.03,974.53,2.41,476.2,341.83,132.05,38.88,11.07,290.78,0.69,16.95,13.71,4.06,2.76,519.48,34.43,8.42,100.89,7.82
Hillingdon,E09000017,2.31,257.92,291.55,267.29,145.07,38.16,333.23,78.31,43.67,481.8,62.99,513.15,339.07,108.16,30.22,9.4,316.47,65.56,26.01,93.53,4.69,5.41,388.09,25.98,11.39,50.6,12.27
Hinckley and Bosworth,E07000132,1.82,211.82,228.43,271.98,231.01,56.75,27.69,6.09,17.51,943.16,5.56,465.62,355.46,131.71,36.64,10.58,298.21,0.5,3.01,12.56,2.02,3.38,561.87,34.86,14.74,61.18,7.67
Horsham,E07000227,1.53,218.34,209.57,278.22,229.01,64.87,27.07,8.94,21.32,936.39,6.25,514.73,339.47,110.49,27.71,7.6,407.61,0.75,17.11,8.65,1.38,3.62,452.34,28.44,9.73,61.99,8.37
Hounslow,E09000018,1.97,250.4,306.67,278.9,135.06,28.97,367.29,72.21,46.89,440.98,72.62,519.2,334.21,105.22,31.29,10.07,324.54,72.38,36.64,133.56,4.57,8.64,293.73,21.92,29.22,62.06,12.73
Huntingdonshire,E07000011,1.38,218.47,240.31,277.03,213.28,50.9,31.77,14.63,22.44,924.16,7.01,478.77,357.07,121.8,33.65,8.72,349.04,0.56,11,12.23,3.43,3.84,483.34,34.34,25.76,68.73,7.74
Hyndburn,E07000120,2.57,249.16,252.19,258.11,195.64,44.89,150.79,2.72,13.27,826.66,6.53,439.22,343.02,147.73,53.34,16.62,177.08,0.22,6.26,26.95,27.87,4.16,595.39,60.35,7.49,83.54,10.69
Ipswich,E07000202,2.28,245.13,278.16,259.06,171.19,46.45,54.5,34.96,45.9,843.28,21.37,456.37,357.75,135.38,39.83,10.67,248.61,0.51,8.34,36.97,6.87,6.73,479.4,57.33,31.94,112.98,10.31
Isle of Wight,E06000046,1.82,184.07,190.51,258.37,291.05,75.99,11.84,3.4,12.25,969.81,2.7,398.79,369.52,164.3,52.58,14.8,223.14,0.68,4.35,39.56,1.43,10.72,512.93,36.26,22.01,127.85,21.05
Isles of Scilly,E06000053,0,170.8,208.76,277.86,256.93,85.64,2.92,1.95,11.19,975.18,8.76,512.9,329.44,116.79,32.12,8.27,288.56,0,0.97,6.33,0.97,8.27,253.04,17.03,113.87,277.37,34.06
Islington,E09000019,1.5,192.89,431.9,240.68,111.9,22.62,99.42,132.71,74.94,622.17,70.78,548,292.82,103.74,41.1,14.35,561.27,96.54,26.64,81.29,5.99,5.39,68.46,4.8,53.35,86.3,9.97
Kensington and Chelsea,E09000020,1.75,179.43,334.17,288.12,161.63,36.65,118.74,78.67,66.43,637.44,98.69,596.07,267.14,92,33.52,11.26,576.2,95.9,16.76,58.43,14.44,8.18,76.77,7.02,34.23,98.22,13.85
King's Lynn and West Norfolk,E07000146,2.52,201.52,216.84,254.66,255,71.97,18.7,5.46,13.1,956.18,6.56,417.39,369.1,154.15,46.05,13.32,204.59,0.71,8.22,11.61,2.47,4.92,599.94,48.44,35.46,73.42,10.21
Kingston upon Hull,E06000010,2.29,245.37,296.51,249.34,170.86,37.93,28.14,18.97,16.9,917.52,18.47,433.6,348.86,149.25,52.43,15.87,131.88,0.35,3.51,75.58,12.71,8.23,519.89,77.29,69.35,90.64,10.57
Kingston upon Thames,E09000021,1.81,238.65,282.08,285.63,155.29,38.36,178.14,28.21,53.53,683.27,56.88,541.22,325.62,99.43,25.98,7.76,466.45,17.32,58.78,65.59,2.71,8.38,250.76,16.59,28.27,75.63,9.53
Kirklees,E08000034,2.01,249.92,251.31,264.85,188.92,45,194.37,22.96,31.37,736.29,15.02,465.6,344.96,133.94,43.09,12.41,262.56,0.53,11.02,36.61,17.9,3.18,531.39,48.66,7.25,70.77,10.12
Knowsley,E08000011,2.56,238,266.65,257.51,194.38,43.46,16.24,8.18,17.2,952.85,5.51,472.95,301.38,139.54,64.96,21.18,214.12,0.73,25.3,66.98,19.28,2.42,510,62.19,17.09,70.22,11.67
Lambeth,E09000022,1.64,190.85,425.27,256.6,105.92,21.36,72.57,239.71,80.69,550.22,56.81,562.05,302.88,95.2,30.17,9.72,501.98,102.52,46.66,115.55,4.43,8.01,92.96,5.54,53.12,58.6,10.64
Lancaster,E07000121,1.99,227.13,261.94,244.04,211.44,55.45,36.07,8.5,15.42,930.95,9.11,464.93,341.82,137.26,43.48,12.52,247.27,0.62,7.34,33.55,4.87,4.95,506.51,49.05,27.12,108.48,10.22
Leeds,E08000035,1.89,241.88,305.84,246.03,163.38,42.87,96.68,55.89,33.73,790.44,23.26,495.17,332.91,121.75,38.94,11.23,338.4,0.67,10.56,72.59,14.33,2.44,417.65,40.23,13.88,79.72,9.54
Leicester,E06000016,2.2,274.2,320.54,240.37,135.28,29.61,434.05,78.05,37.71,408.76,41.44,487.61,334.87,125.23,40.02,12.27,190.6,0.94,4.87,69.59,18.56,3.03,434.03,88.65,35.31,139.34,15.09
Lewes,E07000063,2.66,208.07,190.68,268.78,254.38,78.08,19.01,7.23,24.63,941.87,7.27,455.74,347.64,141.69,43.01,11.88,353.04,0.83,23.1,45.79,2.22,5.28,441.64,29.71,13.55,75.27,9.57
Lewisham,E09000023,1.83,234.73,348.52,276.52,115.26,24.98,89.59,267.75,80.7,514.88,47.08,531.17,320.38,105.17,32.91,10.36,449.4,69.2,92.52,110.13,4.03,6.49,158.69,9.82,35.76,52.31,11.64
Lichfield,E07000194,2.64,207.15,217.09,272.82,241.01,61.93,23.45,5.65,18.67,948.17,4.09,471.12,348.16,130.82,39.1,10.81,316.2,0.55,10.18,9.75,2.56,3.13,549.05,36.1,10.2,54.09,8.18
Lincoln,E07000138,1.58,237.16,344.22,225.72,153.63,39.27,32.24,14.12,19.92,921.51,12.21,438.21,368.09,139.13,42.97,11.59,202.3,0.28,4.5,36.97,9.83,5.33,469.53,68.56,43.94,147.2,11.58
Liverpool,E08000012,2.63,230.8,324.78,234.87,171.2,38.36,57.12,34.9,34.73,840.26,32.99,476.93,309.27,134.01,59.82,19.97,261.1,2.61,24.97,108.81,17.53,2.88,398.06,49.38,23.63,98.34,12.68
Luton,E06000032,2.26,286.37,300.17,252.21,128.22,33.03,369.9,100.93,42.71,451.91,34.55,486.79,345.62,120.19,36.23,11.17,214.74,3.38,25.41,68.05,18.4,2.67,482.58,68.06,11.17,90.71,14.82
Maidstone,E07000110,2.26,230.87,252.05,269.93,195.78,51.36,46.72,20.51,22.83,898.07,11.86,497.74,340.09,119.57,33.18,9.43,310.65,1.25,25.91,18.32,3,3.57,501.41,39.51,9.26,76.74,10.38
Maldon,E07000074,2.1,203.42,200.02,274.05,258.04,64.48,11.19,3.56,13.55,968.6,3.14,466.76,354.47,131.06,37.56,10.15,313.18,1.75,20.41,7.81,1.83,3.55,539.59,31.93,9.35,60.72,9.89
Malvern Hills,E07000235,1.64,197.49,178.48,268.69,275.73,79.6,13.22,3.3,14.08,965.94,3.47,464.56,348.9,136.41,38.95,11.17,348.67,0.42,7.71,4.78,1.06,4.16,520.92,30.81,11.9,61,8.58
Manchester,E08000003,1.65,271.23,370.55,224.5,110.79,22.94,208.55,119.39,52.59,568.24,51.23,508.3,314.27,117.69,45.14,14.61,315.7,26.26,12.16,101.03,15.6,1.97,351.62,35.07,31.18,96.67,12.75
Mansfield,E07000174,2.67,221.42,255.84,266.32,207.92,48.51,20.22,10.63,13.98,947.79,7.4,426.53,343.99,156.61,56.56,16.33,170.47,0.59,3.96,35.56,11.81,4.6,612,74.77,11.57,64.86,9.81
Medway,E06000035,2.61,249.81,264.94,264.64,180.62,39.99,58.92,56.2,28.09,842.63,14.15,474.83,345.77,128.34,39.93,11.13,259.91,2.36,40.26,23.3,6.15,6.09,524.14,47.52,7.1,71.78,11.39
Melton,E07000133,1.76,208.32,203.78,282.95,246.29,58.66,11.57,3.71,12.73,968.89,3.09,478.2,351.41,130.57,31.34,8.48,285.13,0.19,4.71,7.98,1.76,3.65,544.38,35.81,16.5,92.25,7.61
Merton,E09000024,2,235.51,308.92,282.13,139.39,34.05,185.97,106.36,59.32,602.35,46,549.01,320.55,96.47,26.02,7.92,432.06,108.5,47.23,82.55,3.43,10.28,201.83,14.55,28.89,59.64,11.05
Mid Devon,E07000042,0.83,218.05,204.44,269.24,244.68,63.6,6.78,1.22,10.85,978.47,2.69,471.6,348.4,132.21,37.24,10.55,296.98,0.25,3.45,14.38,1.59,4.82,528.92,38.67,11.82,89.5,9.63
Mid Suffolk,E07000203,1.72,199.66,207.82,268.63,258.5,65.39,7.99,5.38,14.25,968.51,3.9,469.39,359.89,128.57,33.63,8.53,310.38,0.56,8.9,3.42,1.3,4.31,568.02,29.26,15.13,49.87,8.83
Mid Sussex,E07000228,2.09,232.37,217.19,285.84,205.82,58.77,36.08,8.76,25.08,922.38,7.69,529.22,330.74,105.06,27.4,7.58,408.95,0.91,33.29,8.13,2.46,3.67,420.79,28.26,8.19,77.82,7.52
Middlesbrough,E06000002,2.54,255.4,279.24,236.77,185.46,43.13,104.85,26.51,20.85,823.67,24.1,466.96,322.26,137.72,55.37,17.68,167.94,0.49,8.31,40.12,36.32,1.75,544.77,71.94,19.86,90.88,17.59
Milton Keynes,E06000042,1.75,261.15,275.39,275.09,157.24,31.13,124.17,97.02,40.84,718.01,19.94,510.82,337.2,110.5,32.18,9.29,364.06,1.59,13.36,31.62,19.92,3.12,437.39,48.72,19.59,50.83,9.81
Mole Valley,E07000210,2.74,213.68,190.89,290.05,233.61,71.76,30.18,8.08,25.11,927.47,9.2,525.86,329.65,107.7,28.62,8.19,457.68,1.68,29.57,6.9,2.38,5.15,393.41,24.84,10.63,58.57,9.19
New Forest,E07000091,1.72,190.79,181.51,261.1,278.04,88.56,11.96,4,12.6,967.76,3.66,461.22,355.12,135.77,37.17,10.72,304.44,0.36,5.69,9.01,1.78,5.15,544.4,35.08,22.79,60.57,10.73
Newark and Sherwood,E07000175,1.81,210.92,227.75,269.64,233.96,57.74,11.48,6.54,15,962.66,4.34,446.94,350.3,144.81,45.16,12.78,258.89,0.58,5.03,9.98,2.82,3.63,556.67,44.59,29.54,79.17,9.1
Newcastle upon Tyne,E08000021,1.64,240.28,336.11,223.66,159.34,40.61,113.71,33.06,23.06,799.67,30.51,483.86,321.91,130.97,48.4,14.86,300.05,18.69,6.35,95.04,13.06,1.88,387.67,43.85,23.05,98.53,11.84
Newcastle-under-Lyme,E07000195,2.84,214.58,244.69,259.69,221.86,59.18,37.65,10.45,16.12,928.82,6.95,439.49,352.96,145,48.44,14.12,229.51,0.21,3.86,18.4,19.39,4.52,580.82,59.34,10.69,66.12,7.13
Newham,E09000025,2.12,263.87,380.44,247.62,91.63,16.43,422.14,174.63,46.77,307.51,48.93,514.14,332.93,107.68,33.68,11.57,292.07,234.76,85.72,90.68,4.91,6.5,173.45,14.52,22.99,60.07,14.34
North Devon,E07000043,0.56,206.31,200.25,263.15,259.97,70.33,11.51,3.3,11.91,969.86,3.44,467.85,336.21,138.98,44.13,12.83,242.61,0.35,1.57,21.63,2.64,5.93,522.3,40.01,24.31,129.17,9.45
North East Derbyshire,E07000038,2.67,201.23,210.77,269.74,254.07,64.19,9.33,3.18,11.47,974.17,1.86,435.1,343.72,156.32,50.65,14.21,248.6,0.79,3.16,25.4,4.21,4.31,607.72,43.13,6.38,48.2,8.1
North East Lincolnshire,E06000012,1.61,229.01,237.06,259.64,216.89,57.39,15.53,5.39,10.3,962.18,6.61,430.58,350.01,154.41,50.4,14.61,139.51,0.27,2.28,33,8.24,5.21,598.11,58.68,49.72,92.38,12.61
North Hertfordshire,E07000099,2.24,229.94,233.91,283.98,195.67,56.51,52.22,24.28,36.88,875.45,11.16,505.85,340.19,115.33,30.7,7.93,427.19,1.68,36.36,6.8,2.36,3.15,403.64,30.69,13.03,68,7.09
North Kesteven,E07000139,1.65,209.07,221.23,271.44,234.8,63.46,9.82,3.52,11.59,971.65,3.38,462.82,354.22,134.42,38.19,10.33,270.79,0.46,5.28,9.09,1.69,4.69,579.32,36.04,22.59,60.98,9.09
North Lincolnshire,E06000013,1.64,218.7,228.19,266.17,229.6,57.34,33.13,4.82,10.73,943.25,8.09,428.96,359.23,151.47,47.16,13.17,174.19,0.28,1.72,13.59,3.06,4.96,618.93,55.95,30.27,86.81,10.25
North Norfolk,E07000147,1.8,168.08,168.9,244.92,324.03,94.07,5.49,1.78,9.5,980.84,2.38,393.47,376.06,170.15,46.81,13.51,242.61,0.86,6.93,8.81,2.54,6.44,572.98,33.56,19.39,92.79,13.08
North Northamptonshire,E06000061,1.85,238.26,248.64,274.36,194.57,44.16,35.4,30.64,22.74,903.04,8.18,461.85,357.85,131.48,38.16,10.66,235.73,0.6,5.15,13.8,9.72,3.38,569.87,60.28,16.24,76.02,9.2
North Somerset,E06000024,1.54,214.89,212.17,271.31,234.06,67.57,15.33,5.26,16.77,957.08,5.56,475.7,338.77,132.83,41.05,11.64,325.87,0.29,7.8,17.35,3.76,4.96,505.92,36.98,19,69.96,8.11
North Tyneside,E08000022,2.06,217.51,238.77,273.38,217.29,53.06,25.82,6.13,13.78,948.51,5.76,460.21,333.05,144.54,48.75,13.43,316.02,31.26,7,44.65,8.13,3.02,451.7,42.37,19.38,63.51,12.95
North Warwickshire,E07000218,2.31,210.61,226.45,275.57,231.63,55.74,12.98,5.6,17.11,961.24,3.09,454.94,347.44,140.8,44.04,12.76,264.87,0.28,5.95,12.5,3.69,3.66,592.4,45.04,8.81,55.05,7.75
North West Leicestershire,E07000134,2.02,217.95,241.35,278.59,215,47.11,14.74,6.13,15.2,959.36,4.59,469.71,351.91,130.35,37.4,10.66,286.25,0.34,1.27,12.87,3.17,5.04,578.36,37.56,11.45,56.23,7.41
North Yorkshire,E06000065,1.66,202.4,202.36,271.95,256.33,66.96,13.51,3.99,10.92,966.96,4.62,476.16,347.13,130.13,36.39,10.2,299.27,0.44,5.9,13.93,2.8,3.43,503.72,36.86,15.56,108.1,9.98
Northumberland,E06000057,2.18,199.67,200.19,268.51,268.68,62.94,10.53,1.87,7.98,976.48,3.15,437.63,345.91,154.25,48.8,13.41,272.98,1.46,4.33,28.38,4.16,2.03,541.42,42.12,10.39,80.59,12.11
Norwich,E07000148,1.39,223.28,351.8,230.85,152.64,41.43,54.66,24.86,31.4,871.45,17.64,439.35,362.86,141.37,44.34,12.08,296.22,0.88,4.88,47.11,7.52,8.67,373.63,41.89,61.53,146.24,11.43
Nottingham,E06000018,1.97,270.58,350.12,218.95,128.16,32.18,148.99,99.54,58.9,659.49,33.09,475.71,334.62,129.35,45.69,14.63,255.42,21.42,6.28,118.08,11.61,4.29,388.53,46.02,27.66,106.68,13.99
Nuneaton and Bedworth,E07000219,2.04,231.23,256.18,263.02,201.42,48.15,80.35,18.23,18.25,871.42,11.79,443.08,353.8,144.41,45.27,13.47,229.13,0.32,5.89,23.32,5.54,4.01,580.78,56.91,17.36,68.95,7.78
Oadby and Wigston,E07000135,2.79,243.75,227.23,254.94,206.82,67.26,279.34,21.72,32.43,633.66,32.85,460.08,359.22,132.66,37.58,10.46,287.74,0.92,3.65,29.79,5.58,3.69,539.21,40.11,18.98,60.96,9.39
Oldham,E08000004,2.59,279.95,256.2,252.11,172.23,39.51,246.05,33.91,25.3,681.14,13.59,469.21,328.59,139.43,48.43,14.34,212.85,25.23,4.75,46.5,19.1,2.57,527.92,58.74,7.67,81.21,13.48
Oxford,E07000178,1.08,243.85,380.52,218.8,123.88,32.94,154.23,46.5,55.57,706.99,36.71,547.81,321.86,96.91,26.05,7.37,387.69,1.05,7.13,88.55,5.69,5.12,234.07,24.25,105.34,132.25,8.86
Pendle,E07000122,2.72,261.5,248.14,252.37,194.24,43.76,267.06,2.55,15.54,705.71,9.15,467.35,336.84,137.66,44.76,13.42,188.3,0.48,4.4,29.05,23,2.65,567.5,57.59,8.46,108.42,10.17
Peterborough,E06000031,1.47,268.63,285.4,255.91,152.23,37.83,142.81,40.58,35.32,753.83,27.45,461.58,358.77,128.57,39.79,11.28,245.1,0.85,9.66,36.09,22.67,4.17,485.01,70.76,37.86,75.91,11.92
Plymouth,E06000026,0.78,223.97,282.87,250.42,192.97,49.78,22.47,10.53,17.59,939.67,9.74,457.57,337.64,140.52,49.52,14.74,212,0.36,3.06,63.4,9.92,13.07,512.13,51.4,21.1,100.98,12.56
Portsmouth,E06000044,1.71,238.25,318.63,244.52,158.41,40.19,69.09,33.99,26.38,852.28,18.25,473.57,348.3,128.56,38.46,11.11,248.66,0.64,19.37,50.8,13.2,8.25,416.28,49.64,52.44,127.05,13.66
Preston,E07000123,2.1,251.41,299.5,249.6,159.44,40.04,201.67,23.6,29.54,725.94,19.22,484.21,330.89,129.13,43.15,12.59,249.33,0.47,8.98,63.39,11.23,3.52,481.44,58.52,17.35,96.09,9.69
Reading,E06000038,1.53,240.82,341.48,254.64,129.61,33.44,177.02,71.93,51.44,670.89,28.71,511.96,344.49,106.91,28.8,7.83,393.29,1.58,27.14,74.09,3.58,3.93,314.11,32.69,26.57,113.52,9.5
Redbridge,E09000026,2.63,269.67,295.99,265.34,135.55,33.45,473.26,84.11,41.05,348.01,53.57,513.13,340.2,106.4,30.51,9.76,348.85,145.64,60.29,57.7,6,4.51,283.99,21.03,11.06,47.79,13.15
Redcar and Cleveland,E06000003,2.31,218.3,216.42,262.71,242.26,60.31,8.5,1.94,8.68,976.97,3.9,425.43,339.96,158.45,57.98,18.17,180.12,0.34,10,28.62,13.63,2.26,609.2,54.51,11.36,73.64,16.3
Redditch,E07000236,1.98,234.31,260.58,261.4,203.44,40.27,57.39,12.11,26.23,898.14,6.08,465.08,351.75,131.33,40.75,11.08,231.23,0.4,5.81,31.23,11.19,3.14,573.8,58.02,13.91,62.6,8.66
Reigate and Banstead,E07000211,2.65,242.68,240.94,283.24,181.85,51.29,75.46,29.27,36.73,844.13,14.41,538,325.04,103.03,26.38,7.56,420.48,3,39.04,22.15,5.08,5.27,397.51,25.82,9.76,62.49,9.4
Ribble Valley,E07000124,2.36,204.8,196.29,283.18,250.66,65.08,20.55,2.03,11.96,962.6,2.97,525.68,321.06,115.61,30.13,7.55,296.35,0.52,4.97,8.09,2.21,2.79,565.09,30.87,8.5,72.4,8.19
Richmond upon Thames,E09000027,1.51,242.18,228.51,315.79,171.51,42.01,89.45,18.88,54.6,804.55,32.52,593.81,292.17,83.63,23.42,6.96,587.52,29.69,44.27,40.27,2.83,6.65,175.33,9.86,39.85,55.2,8.53
Rochdale,E08000005,2.68,265,257.01,257.41,181.72,38.86,185.04,35.42,23.61,739.52,16.4,469.03,329.41,137.43,50.11,14.01,213.33,8.78,8.51,48.83,20.49,3.23,550.46,55.57,8.56,71.26,10.99
Rochford,E07000075,3.13,215.58,212.76,274.37,231.98,65.3,13.83,7.39,16.72,958.62,3.46,488.74,345.21,123.6,33.12,9.33,360.51,1.47,46.16,13.89,2.85,4.09,481.62,29.51,6.84,43.09,9.96
Rossendale,E07000125,2.34,233,230.83,280.65,211.05,44.48,54.69,2.43,14.72,924.36,3.77,470.01,332.38,136.49,48.4,12.76,242.67,0.55,2.06,30.99,7.73,3.6,590.95,45.51,4.61,62.21,9.14
Rother,E07000064,3.75,182.78,169.54,248.15,305.49,94.05,14.93,6.02,18.28,955.75,5.03,422.73,360.93,156.38,46.88,13.05,324.42,0.82,22.99,8.75,3.46,5.27,505.83,34.56,9.1,73.81,11
Rotherham,E08000018,2.8,231.89,246.51,263.38,207.96,50.26,53.33,11.35,14.5,910.27,10.56,441.52,340.29,147.77,54.17,16.26,210.1,1.66,4.08,42.09,9.2,3.41,598.28,57.65,7.58,56.18,9.74
Rugby,E07000220,1.51,235.3,256.77,271.65,185.56,50.72,76.32,27.19,28,857.03,11.45,488.3,348.46,120.47,33.99,8.78,306.18,0.64,7.59,19.09,4.58,3.25,512.88,51.52,19.12,67.34,7.82
Runnymede,E07000212,1.76,238.21,269.63,266.41,173.53,52.23,92.42,18.06,35.34,835.13,19.05,523.71,334.31,106.09,28.24,7.65,389.32,2.87,26.9,11.59,4.31,5.42,438.33,29.84,16.61,64.99,9.82
Rushcliffe,E07000176,1.7,221.95,223.23,277.37,216.6,60.85,56.89,9.2,27.74,897.1,9.04,531.03,320.28,109.98,30.48,8.21,433.15,2.16,2.98,27.63,2.25,2.16,430.66,24.48,18.27,48.9,7.37
Rushmoor,E07000092,2.2,229.75,298.17,269.97,164.13,37.98,146.94,25.37,25.84,774.08,27.8,495.49,348.99,117.98,29.72,7.82,288.6,0.88,22.96,28.78,2.93,5.52,503.02,47.42,17.03,72.34,10.53
Rutland,E06000017,1.58,217.19,204.23,259.82,247.55,71.21,15.45,13.45,18.13,947.91,5.14,503.47,342.61,118.62,28.48,6.87,340.93,0.41,5.26,3.73,1.85,3.14,481.11,27.48,19.59,106.68,9.79
Salford,E08000006,2.29,242.75,348.26,228.98,145.25,34.75,55.34,61.03,31.49,823.38,28.76,498.1,319.13,123.18,45.96,13.64,305.94,15.89,10.01,65.96,14.41,3,411.11,39.47,21.55,102.72,9.94
Sandwell,E08000028,2.82,272.36,270.14,261.68,156.29,39.54,257.51,87.12,42.95,572.28,40.15,448.57,341.58,143.49,51.11,15.25,186.76,9.93,18.38,84.62,16.35,3.71,528.74,62.31,12.08,65.38,11.74
Sefton,E08000014,2.8,207.37,224.57,265.17,235.06,67.84,15.38,5.4,14.53,958.12,6.57,463.59,322.9,143.45,53.55,16.51,278.9,1.41,31.39,39.86,13.66,3.36,478.46,49.32,21.08,71.59,10.97
Sevenoaks,E07000111,2.28,239.87,204.72,279.2,214.53,61.68,28.91,16.03,26.4,921.11,7.58,526.17,323.05,111.25,30.37,9.19,421.67,2.85,54.33,7.82,2.48,5.38,411.9,26.99,5.13,52.48,8.98
Sheffield,E08000019,2.16,236.65,297.04,242.91,175.74,47.66,96.24,45.84,35.41,791.01,31.5,466.56,337.38,135.74,46.71,13.6,287.82,11.15,7.22,73.83,11.78,2.54,452.13,43.59,14.59,85.17,10.18
Shepway,E07000112,3.32,203.2,211.47,266.61,253.37,65.35,38.91,6.21,19.21,925.8,9.88,431.9,350.15,153.07,50.28,14.6,287.96,0.84,19.49,27.58,5.36,4.14,500.26,40.4,11.25,91.17,11.54
Shropshire,E06000051,1.67,200.35,207.69,267.33,255.69,68.94,13.36,3.45,11.93,966.84,4.42,466.3,347.12,135.76,39.54,11.28,272.44,0.23,5,7.28,4.8,2.81,547.62,42.13,19.2,89.63,8.88
Slough,E06000039,1.97,297.82,296.21,267.44,114,24.53,467.46,75.66,39.82,360.47,56.59,516.98,339.53,106.02,29.18,8.29,271.05,7.96,31.52,42.7,12.59,4.48,466.86,51.34,20.74,77.03,13.72
Solihull,E08000029,2.54,235.27,226.16,267.68,209.97,60.92,110.27,18.29,34.67,821.63,15.15,492.55,333.85,124.01,38.35,11.25,361.1,0.7,15.96,37.5,6.31,2.48,479.91,35.83,10.21,42.15,7.84
Somerset,E06000066,1.26,210.01,211.86,262.41,248.16,67.56,15.15,4.26,12.49,963.78,4.32,459.95,351.66,137.25,40.15,10.99,261.54,0.45,2.62,12.68,2.07,5.61,540.52,39.28,24.72,101.3,9.21
South Cambridgeshire,E07000012,1.12,237.37,220.81,288.29,199.09,54.45,57.98,12.45,28.32,890.01,11.24,522.07,336.18,107.45,26.6,7.69,438.17,0.78,8.33,19.5,2.09,5.22,407.3,25.01,48.59,38.06,6.96
South Derbyshire,E07000039,2.22,229.52,244.06,281.39,201.34,43.7,35.83,7.98,18.04,931.27,6.9,481.97,344.73,127.25,35.94,10.15,276.47,0.47,2.36,12.7,5.79,5.1,594.8,38.29,9,47.4,7.62
South Gloucestershire,E06000025,1.34,227.85,267.42,262.73,189.34,52.66,38.2,15.61,25.1,911.96,9.13,497.19,341.59,119.12,32.81,9.29,354.64,0.27,2.97,30.09,1.87,6.56,485.71,33.13,20.73,56.71,7.32
South Hams,E07000044,0.51,191.7,177.63,267.04,289.7,73.93,6.93,1.68,11.82,975.18,4.4,490.81,331.78,127.41,38.51,11.49,331.41,0.69,3.37,12.1,1.46,7.37,503.02,29.14,10.15,88.72,12.57
South Holland,E07000140,1.86,206.2,222.3,267.95,237.24,66.3,12.36,5.44,12.88,963.22,6.11,414.06,377.23,151.92,44.87,11.92,175.94,0.56,3.05,6.32,2.57,4.37,638.87,60.2,32.81,66.25,9.06
South Kesteven,E07000141,1.89,216.91,207.99,276.94,238.4,59.75,17.64,6.1,13.6,958.28,4.39,460.05,356.87,135.41,38.05,9.63,284.89,0.47,6.1,8.31,3.17,3.79,534.09,38.2,18.47,94.13,8.39
South Norfolk,E07000149,1.53,211.87,210.87,268.93,241.4,66.92,18.05,8.2,14.75,954.39,4.61,470.19,354.63,131.74,34.36,9.07,314.98,0.47,3.29,15.31,1.59,4.85,549.23,30.2,19.51,50.24,10.32
South Oxfordshire,E07000179,1.37,224.72,226.18,283.72,206.79,58.59,28.6,9.84,22.82,930.94,7.85,534.21,329.98,103.35,25.7,6.78,427.71,0.95,11.73,15.27,1.06,3.78,412.72,27.42,21.4,70.52,7.43
South Ribble,E07000126,2.03,216.12,226.17,277.34,224.4,55.96,20.78,4.85,17.18,953.92,3.26,478.88,340.64,130.9,38.89,10.69,287.53,0.27,5.57,19.87,3.66,3.84,559.8,41.03,17.75,53.08,7.6
South Staffordshire,E07000196,2.27,192.29,214.59,270.51,254.08,68.53,28.13,9.33,20.29,937.53,4.74,450.05,357.27,139.59,41.08,12.01,277.5,1.07,9.94,12.27,3.38,3.35,598.41,37.1,7.18,41.19,8.62
South Tyneside,E08000023,3.03,219.27,238.13,263.03,224.52,55.05,29.21,5.32,13.5,943.87,8.09,437.52,330.69,155.17,58.93,17.69,236.43,35.68,9.36,53.75,4.78,3.39,505.13,46.12,17.97,68.36,19.02
Southampton,E06000045,1.37,236.36,342.9,236.2,148.38,36.16,106.11,30.29,33.38,806.8,23.42,476.87,350.93,122.52,38.31,11.38,256.13,0.71,12.1,66.27,7.28,6.66,436.89,50.28,30.49,120.57,12.63
Southend-on-Sea,E06000033,3.36,229.55,247.44,274.07,195.28,53.66,54.59,28.52,30.73,874.88,11.27,467,343.91,133.36,43.13,12.61,334.18,2.91,54.33,31.24,4.68,4.54,397.67,34.41,21.21,102.93,11.9
Southwark,E09000028,1.36,210.24,407.09,256.46,105.86,20.36,99.27,251.27,72,514.31,63.16,557.87,303.38,97.52,31.05,10.19,484.24,83.86,42.25,139.49,4.74,6.78,88.06,5.28,57.13,77.86,10.32
Spelthorne,E07000213,1.98,229.09,252.4,281.72,181.77,55.01,127.68,24.75,36.55,786.73,24.31,504.22,344.14,113.08,29.84,8.71,358.87,9.12,28.65,35.43,2.8,8.07,456.71,25.9,18.84,45.07,10.54
St Albans,E07000240,2.16,258.66,215.08,300.64,174.14,51.48,82.18,21.32,42.88,835.97,17.65,575.3,302.99,91.5,23.76,6.45,529.62,3.33,33.81,10.04,3.03,2.59,319.36,20.28,10.48,59.99,7.45
St. Helens,E08000013,2.74,218.38,244.81,268.71,215.75,52.35,14.07,4.23,10.76,965.29,5.64,451.56,327.28,146.04,57.8,17.3,229.63,0.35,11.51,35.48,11.06,3.5,570.89,58.12,11.69,58.37,9.39
Stafford,E07000197,2.34,206.21,225.88,272.78,233.38,61.75,30.43,10.52,18.65,933.78,6.63,467.83,350.18,132.97,38.01,10.98,300.69,0.39,7.27,10.31,3.83,4.01,532.89,39.72,19.76,73.76,7.36
Staffordshire Moorlands,E07000198,2.8,195.95,195.17,275.43,265.16,68.29,6.87,1.96,9.41,980.03,1.72,446.61,354.49,142.52,43.24,13.17,243.13,0.29,2.15,9.11,2.91,3.35,608.8,44.3,6.99,69.75,9.21
Stevenage,E07000243,1.71,245.61,280.59,266.83,164.18,42.8,74.87,48.5,35.94,827.99,12.77,476.83,350.18,126.24,36.85,9.91,283.24,2.31,31.25,26.82,8.03,4.38,487.04,48.83,19.67,79.06,9.38
Stockport,E08000007,2.22,228.38,240.07,270.41,204,57.13,72.81,11.59,26.01,873.65,15.92,493.94,326.75,126.38,40.77,12.15,358.76,2.07,15.32,38.74,5.33,2.62,459.3,32.81,16.47,59.92,8.65
Stockton-on-Tees,E06000004,2.23,238.05,243.11,264.93,206.78,47.13,46.04,11.21,13.92,920.35,8.46,465.32,333.28,138.9,47.77,14.73,217.59,0.52,6.08,26.1,15.26,2.25,589.1,50.81,14.58,62.92,14.79
Stoke-on-Trent,E06000021,2.77,249.88,273.97,249.12,183.18,43.86,99.07,26.64,22.68,834.85,16.76,426.68,351.59,148.14,56.3,17.29,152.43,0.29,4.01,32.68,34.93,4.98,583.01,77.81,14.39,85.43,10.01
Stratford-on-Avon,E07000221,2,200.84,199.87,278.18,251,70.11,19.05,3.58,16.98,955.07,5.31,496.4,342.75,120.19,31.73,8.93,394.82,0.51,3.79,5.6,1.48,3.02,473.73,29.17,12.22,68.26,7.42
Stroud,E07000082,1.43,213.39,201.19,282.29,241.08,62.05,10.37,4.36,17.93,963.65,3.7,486.31,347.29,124.89,33.15,8.36,349.5,0.42,2.94,11.08,1.1,4.84,514.36,32.71,14.35,61.03,7.66
Sunderland,E08000024,2.83,217.99,245.34,262.48,221.52,52.68,29.92,9.72,9.14,946.03,5.19,431.33,330.03,158.69,61.4,18.55,234.04,9.1,4.44,66.99,7.58,2.6,518,57.16,12.79,75.14,12.15
Surrey Heath,E07000214,2.52,226.08,224.8,292.17,198.87,58.07,89.07,15.79,27.2,850.18,17.8,538.07,327.86,101.8,24.86,7.41,408.02,0.77,15.01,11.49,2.02,4.19,451.96,28.83,10.67,58.06,8.98
Sutton,E09000029,2.17,251.65,256.59,289.55,159.9,42.31,175.48,59.46,48.47,682.82,33.76,514.18,340.25,106.39,30.16,9.03,364.83,36.61,61.81,66.19,4.18,9.13,346.08,23.14,14.98,62.21,10.83
Swale,E07000113,2.64,237.74,249.32,263.37,202.77,46.8,15.24,22.99,18.07,938.45,5.25,454.7,347.7,140.68,44.09,12.84,254.14,1.05,31.79,6.89,3.09,5.59,548.11,43.2,13.51,82.73,9.88
Swindon,E06000030,1.36,239.19,265.55,280.31,173.43,41.52,116.42,26.23,27.83,814.62,14.9,480.75,351.98,122.82,35.07,9.38,305.62,0.54,4.36,56.1,7.04,4.74,469,51.32,27.9,63.78,9.6
Tameside,E08000008,2.77,241.01,256.04,268.07,192.74,42.13,91.74,22.83,21.48,855.48,8.47,453.13,337.11,143.7,51.16,14.92,245.8,8.47,12.55,55.07,9.59,3.18,524.56,46.27,11.35,73.25,9.91
Tamworth,E07000199,2.45,231.62,255.39,264.23,206.11,42.65,13.74,6.26,18.72,957.56,3.66,455.17,348.81,138.87,43.66,13.48,215.89,0.27,8.84,20.8,6.62,4.69,587.04,62.42,19.37,66.39,7.68
Tandridge,E07000215,2.39,236.59,210.87,281.21,210.53,60.79,37.22,21.95,37.91,894.25,8.67,522.51,329.49,110.21,29.25,8.53,433.15,2.65,45.78,14.33,2.45,4.48,413.54,24.97,4.51,45.1,9.05
Teignbridge,E07000045,0.78,194.86,196.13,265.68,271.06,72.28,7.45,1.6,11.6,976.75,2.6,455.68,349.05,141.14,42.57,11.57,281.58,0.36,9.85,17.04,1.94,6.95,543.71,35.85,12.54,80.67,9.5
Telford and Wrekin,E06000020,1.3,245.04,256.59,266.03,189.94,42.4,54.26,28.84,26.11,881.95,8.86,459.59,340.79,138.42,47.49,13.7,238.95,0.48,6.14,13.26,27.45,4.26,561.96,63.06,15.17,60.34,8.91
Tendring,E07000076,3.88,194.64,191.94,245,285.86,82.56,12.1,6.14,16.14,961.97,3.64,394.43,356.17,171.68,59.95,17.73,228.58,1.32,18.71,11.02,4.94,5.3,576,41.73,17.47,83.99,10.94
Test Valley,E07000093,1.69,219.92,226.28,279.18,216.83,57.78,32.83,11.17,17.72,930.76,7.51,503.45,343.64,114.37,30.33,8.21,362.19,0.5,7.74,8.65,3.75,3.89,482.56,36.71,16.73,68.75,8.53
Tewkesbury,E07000083,1.85,222.15,226.8,266.13,224,60.93,20.28,6.27,17.91,950.67,4.83,497.81,342.94,119.98,31.15,8.07,333.86,0.45,1.7,22.23,0.93,4.43,519.63,32.67,23.39,53.51,7.22
Thanet,E07000114,3.19,218.7,222.48,258.26,238.41,62.16,23.18,10.53,24.33,929.8,12.15,419.67,350.4,157.54,55.64,16.74,243.43,1.22,24.46,35.07,9.48,6.12,497.96,53.49,20.17,97.78,10.83
Three Rivers,E07000102,2.44,244.09,223.92,293.25,187.7,51.04,152.13,23.81,36.15,771.21,16.72,536.74,323.74,104.38,27.58,7.57,417.65,36.16,23.45,10.46,3.26,3.52,422.1,24.92,8.58,41.5,8.41
Thurrock,E06000034,2.54,271.5,279.98,265.42,149.54,33.57,69.35,118.62,29.84,766.95,15.2,507.67,333.46,115.47,33.55,9.86,245.28,23.04,70.35,30.27,6.46,6.16,503.15,41.28,11.82,50.67,11.52
Tonbridge and Malling,E07000115,1.85,245.68,221.88,282.98,196.47,52.99,29.32,9.94,22.26,932.57,5.91,513.58,333.22,113.15,31.5,8.55,369.59,1.21,34.14,9.36,1.91,4.39,473.87,30.79,8.75,57.62,8.37
Torbay,E06000027,1.07,198.07,202.9,261.26,263.06,74.7,16.18,3.21,14.96,961.23,4.43,422.34,342.35,162.05,56.66,16.6,206.25,0.34,5.77,33.44,6.43,9.84,535.03,52.06,11.91,126.27,12.66
Torridge,E07000046,0.65,191.12,183.09,262.13,292.17,71.48,5.23,1.1,9.25,982.47,1.95,438.27,348.14,153.46,47.21,12.92,258.76,0.23,1.5,20.1,2.26,5.07,565.33,39.07,7.22,91.38,9.09
Tower Hamlets,E09000030,1.61,233.67,473.55,209.26,69.68,13.84,444.26,73.13,49.66,394.02,38.94,529.67,321.29,100.49,36,12.56,503.35,138.05,45.76,57.98,5.77,5.07,90.77,6.34,46.39,89.45,11.08
Trafford,E08000009,2,251.5,235.43,281.88,180.63,50.56,125.88,34.4,37.58,777.54,24.61,530.98,309.73,112.81,35.76,10.73,407.41,22.2,4.66,27.5,6.91,2.06,414.63,28.02,22.4,55.61,8.6
Tunbridge Wells,E07000116,1.81,242,216.27,289.21,195.67,56.85,39.6,9.81,25.57,915.45,9.59,527.56,325.31,109.15,29.62,8.37,422.77,1.2,30.84,14.93,2.32,3.43,390.99,29.14,9.05,86.85,8.46
Uttlesford,E07000077,1.41,237.08,210.39,286.77,211.58,54.18,18.85,7.76,22.07,944.77,6.58,539.99,327.32,100.5,25.19,7,393.77,2.74,21.67,6.43,1.95,2.78,476.28,24.73,6.97,53.63,9.08
Vale of White Horse,E07000180,1.35,231.48,241.96,269.63,201.01,55.92,39.52,16.67,24.85,907.8,11.17,523.54,336.19,107.9,25.81,6.57,412.62,0.58,4.85,27.39,1.45,4.85,420.89,28.05,32.64,59.68,6.98
Wakefield,E08000036,2.27,225.72,256.46,268.34,202.95,46.52,35.75,12.78,13.97,930.31,7.19,447.08,342.88,144.56,50.66,14.82,224.52,0.35,9.44,37.9,13.06,3.84,560.32,58.32,11.14,72.74,8.36
Walsall,E08000030,3.1,262.57,256.16,252.85,178.55,49.86,187.24,45.84,32.79,713.51,20.63,444.07,343.8,146.3,50.06,15.78,185.97,2.28,9.29,61.05,12.92,3.49,580.22,58.58,11.94,64.88,9.37
Waltham Forest,E09000031,1.95,244.88,336.67,273.09,119.11,26.25,199.5,149.58,64.59,528.06,58.29,515.17,334.63,106.28,33.32,10.61,375.89,178.79,48.51,72.25,5.43,6.11,196.14,14.06,35.44,55.38,12
Wandsworth,E09000032,1.36,196.55,425.21,245.59,107.53,25.13,116.99,100.95,62.89,678.12,41.04,606.33,280.66,81.67,24.02,7.32,565.21,86.66,41.73,72.8,4.31,9.17,93.07,5.47,48.03,64.79,8.78
Warrington,E06000007,2.44,222.5,242.41,284.05,201.22,49.82,32.96,7.47,15.81,935.2,8.55,500.59,327.7,121.34,39.17,11.18,316.38,0.49,6.65,19.93,7.4,3.95,512.05,44.96,24.73,54.91,8.56
Warwick,E07000222,1.63,221.84,274.63,261.05,188.71,53.77,97.02,10.89,30.17,845.6,16.31,520.91,331.38,109.84,29.59,8.27,447.23,0.65,8.73,12.31,2.65,2.51,393.69,29.42,19.27,76.53,7.01
Watford,E07000103,2.32,250.54,301.46,276.63,136.49,34.89,244.88,63.46,47.38,608.63,35.68,523.84,335.25,103.68,28.9,8.35,338.61,29.26,35.42,30.95,5.9,4.88,377.55,30.64,18.84,116.93,11.01
Waverley,E07000216,2.34,240.61,193.91,286.62,211.23,67.64,28.27,6.92,22.2,936.53,6.08,546.48,321.05,100.47,25.24,6.78,476.42,1.07,20.9,7.41,1.2,3.84,384.15,25.64,9.54,61.64,8.2
Wealden,E07000065,2.34,204.59,187.84,270.21,264.43,72.93,14.05,4.03,16.92,960.41,4.61,482.16,347.39,126.19,35.14,9.12,349.37,0.66,16.83,9.33,2.01,3.4,517.98,31.11,7.11,53.51,8.68
Welwyn Hatfield,E07000241,2.05,242.52,290.52,257.19,162.07,47.7,88.41,60.97,41.15,786.89,22.56,516.5,335.46,109.57,30.57,7.89,361.15,6.86,35.36,21.29,10.57,3.96,414.3,35.62,21.65,79.98,9.25
West Berkshire,E06000037,1.38,234.11,221.38,287.57,206.49,50.45,37.1,12.57,23.89,919.09,7.35,510.46,346.53,109.54,26.75,6.73,412.92,0.79,11.16,14.79,1.62,3.55,433.9,33.69,15.19,64.51,7.91
West Devon,E07000047,0.53,192.47,174.48,269.77,287.74,75.54,5.9,2.14,10.96,978.12,2.84,455.5,346.82,144.25,41.68,11.75,314.1,0.44,2.21,11.19,1.49,4.96,518.92,32.66,9.27,92.7,12.1
West Lancashire,E07000127,2.22,227.4,227.7,260.75,226.69,57.46,10.49,3.3,13.17,969.05,3.98,480.8,331.41,131.18,43.55,13.06,252.07,0.58,12.98,14.06,15.59,2.63,553.79,51.94,13.65,72.91,9.8
West Lindsey,E07000142,1.69,206.55,200.95,267.64,262.37,62.49,11.94,3.5,11.36,969.61,3.59,438.17,359.22,146.58,44.42,11.6,259.88,0.38,3.94,6.81,2.56,4.11,590.64,36.76,13.36,72.69,8.88
West Northamptonshire,E06000062,1.87,237.37,263.12,273.53,183.53,42.45,52.76,48.53,28.46,859.14,11.1,492,350.52,116.23,32.63,8.62,290.9,0.7,5.78,35.37,5.94,3.34,511.94,52.2,15.32,69.22,9.3
West Oxfordshire,E07000181,1.57,218.37,227.75,273.99,218.39,61.5,16.95,6.32,18.74,952.18,5.81,512.62,339.95,111.75,27.99,7.69,350.09,0.71,4.61,19.62,0.97,4.46,481.36,31.38,24.3,74.57,7.9
West Suffolk,E07000245,1,215.36,264.69,255.55,206.61,57.78,26.29,15.97,27.12,917.81,12.83,477.05,354.55,124.86,34.18,9.38,235.48,0.75,3.94,11.78,3.45,4.51,575.74,41.61,23.13,90.15,9.46
Westminster,E09000033,1.75,174.63,389.68,267.46,136.94,31.3,167.66,80.57,65.29,551.97,134.51,563.24,288.77,97.14,36.25,14.6,557.94,96.01,20.44,69.54,9.76,5.59,65.88,5.33,35.39,120.28,13.85
Westmorland and Furness,E06000064,2.48,191.01,206.4,270.62,263.04,68.93,9.69,2.59,8.61,975.93,3.18,463.37,348.8,135.47,41.18,11.19,252.41,0.33,5.61,16.6,5.56,5.46,513.04,41.32,20.51,128.16,11
Wigan,E08000010,2.75,225.49,250.27,271.19,207.89,45.16,17.69,11.86,13.22,950.27,6.96,462.68,334.6,140.33,48.84,13.56,222.7,0.39,7.94,35.66,7.58,3.86,579.32,52.82,11.97,69.06,8.7
Wiltshire,E06000054,1.51,221.07,224.05,271.57,223.7,59.61,21.31,11.34,17.07,943.33,6.95,495.37,340.77,121.56,33.3,9,340.68,0.6,6.89,15.24,1.85,4.37,485.3,34.65,17.62,83.91,8.89
Winchester,E07000094,1.49,237.99,224.56,268.73,207.46,61.27,30.73,6.21,20.32,936.13,6.59,532.39,329.47,103.86,27.2,7.08,433.35,1,9.54,14.28,1.75,3.62,399.8,26.87,13.24,87.9,8.65
Windsor and Maidenhead,E06000040,2.04,239.18,224.39,294.41,188.22,53.79,130.76,15.36,34.12,798.39,21.36,557.62,317.87,94.27,23.69,6.53,479.22,2.7,24.4,5.82,4.34,3.24,366.3,25.53,13.19,65.12,10.14
Wirral,E08000015,2.8,222.87,224.62,265.47,227.72,59.32,22.8,4.34,15.4,951.58,5.89,464.86,320.75,141.74,55.72,16.95,267.38,2.38,26.12,43.89,9.25,4.29,513.13,43.25,13.43,65.24,11.66
Woking,E07000217,1.79,241.1,254.9,285.76,169.77,48.47,141.82,18.08,34.77,784.36,20.97,532.97,331.33,101.58,26.71,7.39,446.88,2.05,36.99,11.66,4.94,4.69,374.16,29.63,17.11,62.09,9.8
Wokingham,E06000041,1.5,251.27,230.06,291.39,178.86,48.42,128.84,24.26,31.4,799.17,16.36,549.6,331.64,92.24,20.71,5.82,506.91,1.39,15.38,14.94,1.36,2.95,373.11,23.71,12.93,39.99,7.33
Wolverhampton,E08000031,2.79,255.58,265.81,261.23,169.83,47.55,211.97,93.42,53.33,605.58,35.71,448.36,343.88,144.3,49.12,14.35,188.68,10.39,15.02,62.33,18.88,3.07,539.78,64.57,15.43,70.88,10.94
Worcester,E07000237,1.68,225.16,278.14,265.76,184.23,46.71,56.41,11.67,21.98,899.92,9.97,473.84,351.03,127.16,37.37,10.57,263.54,0.5,11.27,20.61,5.61,4.21,498.58,48.62,25.86,112.97,8.23
Worthing,E07000229,1.87,209.26,229.61,276.58,216.01,68.55,39.4,11.51,25.63,913.5,9.94,452.72,356.4,138.48,40.65,11.75,313.06,0.75,26.62,19.66,4.05,5.71,441.52,37.7,32.92,108.69,9.31
Wychavon,E07000238,1.87,202.43,208.32,272.52,249.84,66.88,11.4,3.48,12.08,968.55,4.52,474.26,350.06,129.54,36.45,9.69,301.71,0.45,5.84,8.01,1.86,3.36,554.33,38.41,13.56,64.09,8.39
Wyre,E07000128,3.04,197.39,195.22,255.77,273.74,77.88,9.91,2.44,10.14,974.93,2.59,443.28,332.76,154.77,52.72,16.47,260.87,4.74,5.16,23.58,3.99,4.14,562.22,41.58,17.44,63.5,12.77
Wyre Forest,E07000239,2.45,206.35,212,266.3,250.83,64.52,19.08,3.89,14.47,958.8,3.76,433.07,357.62,147.86,47.42,14.01,230.6,0.37,10.14,7.95,6.95,4.35,599.06,50.38,11.93,71.07,7.22
York,E06000014,1.66,217.21,289.67,246.65,192.22,54.25,37.64,6.53,18.44,927.75,9.63,486.19,350.23,121.31,33.47,8.81,355.1,0.55,6.16,33.2,3.99,5.47,365.74,29.38,72.78,119.34,8.28
